{
  "project_info": {
    "project_number": "661034472731",
    "firebase_url": "https://burn-box.firebaseio.com",
    "project_id": "burn-box",
    "storage_bucket": "burn-box.appspot.com"
  },
  "client": [
    {
      "client_info": {
        "mobilesdk_app_id": "1:661034472731:android:878fab8f2483ab1e",
        "android_client_info": {
          "package_name": "xyz.sneakapeek.app.burnbox"
        }
      },
      "oauth_client": [
        {
          "client_id": "661034472731-s96mgmhseamonh1b0nb9fn7dnc4pq66u.apps.googleusercontent.com",
          "client_type": 3
        }
      ],
      "api_key": [
        {
          "current_key": "AIzaSyCDBz5cWTc7twiZ2FEPyEYf-5YCo6xq7rk"
        }
      ],
      "services": {
        "appinvite_service": {
          "other_platform_oauth_client": [
            {
              "client_id": "661034472731-s96mgmhseamonh1b0nb9fn7dnc4pq66u.apps.googleusercontent.com",
              "client_type": 3
            },
            {
              "client_id": "661034472731-eectj9dat2o2ke7ddp6rk3imjvtmauha.apps.googleusercontent.com",
              "client_type": 2,
              "ios_info": {
                "bundle_id": "xyz.sneakapeek.app.burnbox"
              }
            }
          ]
        }
      }
    }
  ],
  "configuration_version": "1"
}